{
    "dev": {
      "username": "root",
      "password": "VoOtH14HT6iM",
      "database": "geo",
      "host"    : "voot-nonprod-master-rds.voot.com",
      "dialect" : "mysql",
      "timezone": "Asia/Kolkata",
      "logging" : true
    },
    "uat": {
      "username": "root",
      "password": "VoOtH14HT6iM",
      "database": "geo",
      "host"    : "voot-nonprod-master-rds.voot.com",
      "dialect" : "mysql",
      "timezone": "Asia/Kolkata",
      "logging" : false
    },
    "production": {
      "username": "apiv18",
      "password": "apiv188d8w",
      "database": "api",
      "host"    : "prod-voot-rds-master.voot.com",
      "timezone": "Asia/Kolkata",
      "dialect" : "mysql",
      "logging" : false
    }
  }