{
	"twilio": {
		"accountSid": "ACc85764521a618b42366c2250979c1611",
		"authToken": "d781e9bb5b4278b6bb9f2044df22561b",
		"messageFrom": "+12024106694"
	},
	"otp": {
		"numberOfAttempts": "4",
		"validity": "2",
		"loggedInNumber": "5",
		"masterNumber": "8319175452",
		"otpValue": "1478"
	},
	"s3": {
		"accessKeyId": "AKIATDMXRWRZDRDW7WV2",
		"secretAccessKey": "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",
		"bucket" : "jantanews-app",
		"keyImage" : "PROD/news/medias/images/16X9/",
		"keyVideo" : "PROD/news/medias/videos/",
		"keyUserImage": "PROD/userimages/",
		"imageFormat" : ["jpg","jpeg","png"],
		"videoFormat" : ["mp4","3gpp"]
	},
	"mongoDb":{
		"isEnabled": "0"
	},
	"sqs":{
		"QueueName" : "UserAction"
	},
	"api_endpoints": {
		"lumen" : "https://api.bulletin.live",
		"node" : "https://apin.bulletin.live"
	}
}